{
  "feature_names": [
    "age",
    "educational-num",
    "occupation",
    "gender",
    "hours-per-week"
  ],
  "occupation_mapping": {
    "Tech-support": 0,
    "Craft-repair": 1,
    "Other-service": 2,
    "Sales": 3,
    "Exec-managerial": 4,
    "Prof-specialty": 5,
    "Handlers-cleaners": 6,
    "Machine-op-inspct": 7,
    "Adm-clerical": 8,
    "Farming-fishing": 9,
    "Transport-moving": 10,
    "Protective-serv": 11,
    "other_occupation": 12
  },
  "education_mapping": {
    "HS-grad": 9,
    "Some-college": 10,
    "Assoc-voc": 11,
    "Assoc-acdm": 12,
    "Bachelors": 13,
    "Masters": 14,
    "Doctorate": 15,
    "Prof-school": 16
  },
  "model_path": "rf_model.pkl",
  "scaler_path": "scaler.pkl"
}